{
  "routes": [
    [
      [
        -30.034,
        -51.217
      ],
      [
        -27.593,
        -48.558
      ],
      [
        -25.428,
        -49.273
      ],
      [
        -22.906,
        -43.172
      ],
      [
        -13.007,
        -38.526
      ],
      [
        -8.052,
        -34.928
      ],
      [
        -5.779,
        -35.2
      ]
    ],
    {
      "0": [
        -30.034,
        -51.217
      ],
      "1": [
        -27.593,
        -48.558
      ],
      "2": [
        -25.428,
        -49.273
      ],
      "3": [
        -22.906,
        -43.172
      ],
      "4": [
        -13.007,
        -38.526
      ],
      "5": [
        -8.052,
        -34.928
      ],
      "6": [
        -5.779,
        -35.2
      ],
      "7": [
        -0.3515624999999904,
        8.54885386779155
      ],
      "id": "0e10"
    },
    {
      "0": [
        5.273437500000006,
        15.08512182995986
      ],
      "1": {
        "0": [
          -30.034,
          -51.217
        ],
        "1": [
          -27.593,
          -48.558
        ],
        "2": [
          -25.428,
          -49.273
        ],
        "3": [
          -22.906,
          -43.172
        ],
        "4": [
          -13.007,
          -38.526
        ],
        "5": [
          -8.052,
          -34.928
        ],
        "6": [
          -5.779,
          -35.2
        ],
        "7": [
          -0.3515624999999904,
          8.54885386779155
        ],
        "id": "0e10"
      },
      "id": "7635"
    }
  ]
}